-10,0.131492986155235,0.207535089162398,0.201364273508231,0.600214721102168,0.81948330118535,0.867973687738303,0.127480352375957,-0.218657385342017
-9.9,0.127525157600993,0.204429472552179,0.198195646802356,0.595636402951148,0.820043896854154,0.871676423898829,0.124860821701398,-0.219772609157404
-9.8,0.123652795155515,0.201396415629044,0.195098859857926,0.591118418088344,0.820608895211399,0.875318230973143,0.122305859802216,-0.220862034694047
-9.7,0.119878153562622,0.198437500677132,0.192075504061612,0.586660833618189,0.821178844927064,0.878898267323857,0.119817057977181,-0.221925174904252
-9.6,0.11620348756613,0.195554309980581,0.189127170800082,0.582263716645116,0.821754294671125,0.88241569131359,0.117396007525064,-0.222961542740324
-9.5,0.112631051909861,0.192748425823529,0.186255451460003,0.577927134273557,0.822335793113559,0.885869661304955,0.115044299744634,-0.223970651154569
-9.4,0.109163101337632,0.190021430490115,0.183461937428047,0.573651153607945,0.822923888924346,0.889259335660568,0.112763525934662,-0.224952013099292
-9.3,0.105801890593264,0.187374906264478,0.18074822009088,0.569435841752712,0.82351913077346,0.892583872743044,0.110555277393917,-0.2259051415268
-9.2,0.114627301873515,0.197297509918889,0.189181963085298,0.560681685917285,0.820514327456182,0.71417375774653,0.118975246147161,-0.224210419326019
-9.1,0.124242777773041,0.206673021993409,0.196809941990666,0.537191436102537,0.827399576807017,0.726270920086244,0.129760978183342,-0.228226967899976
-9,0.119698362934295,0.203589700559055,0.193707351581179,0.533501212180355,0.827646845856997,0.716173840532189,0.127117098757281,-0.229848216894997
-8.9,0.115270404466307,0.200592184162402,0.190688001235392,0.529863717001147,0.827901312127261,0.706101775164414,0.124550105285721,-0.231436503442541
-8.8,0.110962047221,0.197682419995217,0.187753898566179,0.526279252764424,0.828163824515352,0.696061379102478,0.122061968005491,-0.232990889809001
-8.7,0.106776436050295,0.194862355249269,0.184907051186415,0.522748121669701,0.828435231918807,0.686059307465945,0.119654657153418,-0.234510438260769
-8.6,0.102716715806118,0.192133937116327,0.182149466708974,0.519270625916493,0.828716383235165,0.676102215374376,0.11733014296633,-0.235994211064237
-8.5,0.0987860313403898,0.18949911278816,0.179483152746731,0.515847067704311,0.829008127361964,0.666196757947331,0.115090395681056,-0.237441270485799
-8.4,0.094987527505034,0.186959829456535,0.176910116912558,0.51247774923267,0.829311313196746,0.656349590304374,0.112937385534423,-0.238850678791846
-8.3,0.0913243491519731,0.184518034313222,0.174432366819332,0.509162972701083,0.829626789637047,0.646567367565063,0.110873082763259,-0.24022149824877
-8.2,0.0877996411331306,0.182175674549989,0.172051910079925,0.505903040309064,0.829955405580409,0.636856744848961,0.108899457604393,-0.241552791122966
-8.1,0.0844165483004294,0.179934697358606,0.169770754307212,0.502698254256127,0.830298009924368,0.627224377275628,0.107018480294653,-0.242843619680824
-8,0.0811782155057921,0.177797049930839,0.167590907114067,0.499548916741785,0.830655451566465,0.617676919964626,0.105232121070865,-0.244093046188737
-7.9,0.0780877876011418,0.175764679458459,0.165514376113364,0.496455329965551,0.831028579404237,0.608221028035517,0.103542350169859,-0.245300132913099
-7.8,0.082579250541715,0.178610508021211,0.165216111380209,0.481890165873214,0.827208125150058,0.615079416626409,0.105923173982628,-0.239054683989337
-7.7,0.0795101344695216,0.176586371999186,0.163335091879641,0.479100950436672,0.828167264001436,0.606949835745035,0.10439342167544,-0.240415044025168
-7.6,0.0765957324083755,0.174671124841222,0.161559228624453,0.476362574134053,0.829138743295511,0.598916385561309,0.102962530654289,-0.241728927740487
-7.5,0.0738395019903849,0.172866976103286,0.159890714558197,0.473675480446373,0.830123138535434,0.590985110568317,0.101632648196085,-0.242995280963281
-7.4,0.0712449008476578,0.171176135341343,0.158331742624421,0.471040112854643,0.831121025224354,0.583162055259144,0.10040592157774,-0.244213049521539
-7.3,0.0688153866123023,0.169600812111358,0.156884505766678,0.468456914839879,0.83213297886542,0.575453264126874,0.0992844980761624,-0.245381179243249
-7.2,0.0665544169164261,0.168143215969298,0.155551196928517,0.465926329883093,0.83315957496178,0.567864781664596,0.0982705249682643,-0.246498615956399
-7.1,0.0644654493921376,0.166805556471127,0.15433400905349,0.463448801465299,0.834201389016585,0.560402652365393,0.0973661495309561,-0.247564305488977
-7,0.0625519416715448,0.165590043172811,0.153235135085146,0.461024773067512,0.835258996532983,0.553072920722351,0.0965735190411484,-0.248577193668972
-6.9,0.0608173513867554,0.164498885630316,0.152256767967036,0.458654688170743,0.836332973014123,0.545881631228558,0.0958947807757516,-0.24953622632437
-6.8,0.0592651361698778,0.163534293399606,0.151401100642711,0.456338990256008,0.837423893963155,0.538834828377097,0.0953320820116764,-0.250440349283161
-6.7,0.0578987536530199,0.162698476036648,0.150670326055722,0.45407812280432,0.838532334883229,0.531938556661054,0.0948875700258335,-0.251288508373333
-6.6,0.0567216614682899,0.161993643097406,0.150066637149618,0.451872529296692,0.839658871277491,0.525198860573516,0.0945633920951332,-0.252079649422873
-6.5,0.0557373172477954,0.161422004137846,0.149592226867951,0.449722653214137,0.840804078649093,0.518621784607567,0.0943616954964866,-0.25281271825977
-6.4,0.0549491786236448,0.160985768713934,0.149249288154272,0.44762893803767,0.841968532501185,0.512213373256295,0.0942846275068038,-0.253486660712011
-6.3,0.0543607032279462,0.160687146381635,0.149040013952129,0.445591827248305,0.843152808336914,0.505979671012783,0.0943343354029957,-0.254100422607585
-6.2,0.0539753486928074,0.160528346696915,0.148966597205076,0.443611764327054,0.844357481659428,0.499926722370118,0.0945129664619729,-0.254652949774481
-6.1,0.0537965726503366,0.160511579215738,0.14903123085666,0.441689192754932,0.84558312797188,0.494060571821386,0.0948226679606459,-0.255143188040685
-6,0.0538278327326416,0.16063905349407,0.149236107850435,0.439824556012952,0.846830322777416,0.488387263859672,0.0952655871759253,-0.255570083234187
-5.9,0.0540725865718307,0.160912979087878,0.149583421129949,0.438018297582128,0.848099641579187,0.482912842978063,0.0958438713847219,-0.255932581182974
-5.8,0.0545342918000118,0.161335565553126,0.150075363638754,0.436270860943472,0.849391659880341,0.477643353669641,0.0965596678639461,-0.256229627715034
-5.7,0.0552164060492931,0.161909022445779,0.1507141283204,0.434582689578001,0.850706953184027,0.472584840427496,0.0974151238905086,-0.256460168658356
-5.6,0.0561223869517824,0.162635559321803,0.151501908118437,0.432954226966725,0.852046096993397,0.467743347744712,0.0984123867413198,-0.256623149840927
-5.5,0.0572556921395878,0.163517385737164,0.152440895976417,0.43138591659066,0.853409666811596,0.463124920114373,0.0995536036932907,-0.256717517090736
-5.4,0.0586197792448174,0.164556711247827,0.15353328483789,0.429878201930818,0.854798238141777,0.458735602029567,0.100840922023331,-0.256742216235771
-5.3,0.0602181058995794,0.165755745409758,0.154781267646406,0.428431526468214,0.856212386487087,0.454581437983379,0.102276489008353,-0.256696193104019
-5.2,0.0620541297359814,0.167116697778921,0.156187037345516,0.427046333683861,0.857652687350675,0.450668472468895,0.103862451925266,-0.25657839352347
-5.1,0.0641313083861316,0.168641777911283,0.157752786878771,0.425723067058773,0.85911971623569,0.447002749979199,0.105600958050981,-0.256387763322111
-5,0.0664530994821383,0.170333195362808,0.15948070918972,0.424462170073962,0.860614048645283,0.443590315007378,0.107494154662408,-0.256123248327929
-4.9,0.0690229606561095,0.172193159689463,0.161372997221916,0.423264086210444,0.862136260082603,0.440437212046517,0.109544189036459,-0.255783794368915
-4.8,0.071844349540153,0.174223880447212,0.163431843918907,0.422129258949232,0.863686926050796,0.437549485589703,0.111753208450043,-0.255368347273054
-4.7,0.0749207237663767,0.176427567192021,0.165659442224246,0.421058131771338,0.865266622053015,0.43493318013002,0.114123360180071,-0.254875852868336
-4.6,0.0782555409668891,0.178806429479856,0.168057985081482,0.420051148157777,0.866875923592408,0.432594340160556,0.116656791503455,-0.254305256982748
-4.5,0.0818522587737977,0.181362676866682,0.170629665434165,0.419108751589563,0.868515406172123,0.430539010174394,0.119355649697103,-0.25365550544428
-4.4,0.0857143348192112,0.184098518908465,0.173376676225848,0.418231385547709,0.87018564529531,0.42877323466462,0.122222082037928,-0.252925544080918
-4.3,0.0898452267352371,0.187016165161169,0.176301210400079,0.417419493513228,0.871887216465119,0.427303058124321,0.12525823580284,-0.252114318720651
-4.2,0.0942483921539836,0.19011782518076,0.17940546090041,0.416673518967135,0.873620695184698,0.426134525046582,0.12846625826875,-0.251220775191466
-4.1,0.0989272887075588,0.193405708523204,0.182691620670391,0.415993905390443,0.875386656957197,0.425273679924489,0.131848296712566,-0.250243859321353
-4,0.103885374028071,0.196882024744467,0.186161882653573,0.415381096264165,0.877185677285764,0.424726567251127,0.135406498411202,-0.249182516938299
-3.9,0.109126105747627,0.200548983400513,0.189818439793507,0.414835535069315,0.87901833167355,0.424499231519582,0.139143010641567,-0.248035693870293
-3.8,0.114652941498336,0.204408794047308,0.193663485033742,0.414357665286908,0.880885195623702,0.42459771722294,0.143059980680572,-0.246802335945321
-3.7,0.120469338912306,0.208463666240818,0.19769921131783,0.413947930397955,0.882786844639371,0.425028068854286,0.147159555805127,-0.245481388991374
-3.6,0.126578755621645,0.212715809537007,0.201927811589322,0.413606773883472,0.884723854223706,0.425796330906705,0.151443883292143,-0.244071798836438
-3.5,0.132984649258461,0.217167433491842,0.206351478791766,0.413334639224471,0.886696799879855,0.426908547873286,0.15591511041853,-0.242572511308501
-3.4,0.139690477454862,0.221820747661288,0.210972405868716,0.413131969901967,0.888706257110967,0.42837076424711,0.1605753844612,-0.240982472235552
-3.3,0.146699697842955,0.22667796160131,0.215792785763719,0.412999209396972,0.890752801420194,0.430189024521267,0.165426852697062,-0.239300627445579
-3.2,0.15401576805485,0.231741284867874,0.220814811420328,0.412936801190501,0.892837008310682,0.432369373188839,0.170471662403028,-0.23752592276657
-3.1,0.161642145722653,0.237012927016945,0.226040675782093,0.412945188763568,0.894959453285581,0.434917854742915,0.175711960856008,-0.235657304026513
-3,0.169582288478474,0.242495097604489,0.231472571792565,0.413024815597184,0.897120711848041,0.437840513676578,0.181149895332913,-0.233693717053396
-2.9,0.177839653954419,0.248190006186471,0.237112692395294,0.413176125172366,0.899321359501211,0.441143394482915,0.186787613110653,-0.231634107675208
-2.8,0.186417699782598,0.254099862318856,0.242963230533831,0.413399560970125,0.90156197174824,0.44483254165501,0.192627261466138,-0.229477421719936
-2.7,0.195319883595118,0.26022687555761,0.249026379151725,0.413695566471476,0.903843124092277,0.448913999685951,0.19867098767628,-0.227222605015568
-2.6,0.204549663024087,0.266573255458699,0.255304331192529,0.414064585157432,0.906165392036471,0.453393813068821,0.204920939017989,-0.224868603390093
-2.5,0.214110495701613,0.273141211578087,0.261799279599792,0.414507060509007,0.908529351083972,0.458278026296709,0.211379262768176,-0.222414362671499
-2.4,0.14391158352158,0.206458309186928,0.21318366729043,0.38832820402114,0.8552353572088,0.434115141545971,0.166141442915579,-0.32317403336851
-2.3,0.158198993582651,0.217559121312015,0.223950504750725,0.390316616449968,0.86107000570842,0.441909824334315,0.176640919514015,-0.316750752298337
-2.2,0.146638140360767,0.228637103243531,0.23991892375377,0.388812625488166,0.88459843212223,0.468954411349872,0.193159412145789,-0.341268903999158
-2.1,0.161780706384592,0.239812825611424,0.250592170884277,0.390802156710599,0.889833173379083,0.47689172394519,0.203569874155733,-0.334279445159653
-2,0.158969259349461,0.22557040410525,0.234109481802098,0.386430720569845,0.965253560021107,0.661958542505568,0.186864774340736,-0.316318355106823
-1.9,0.175759720504901,0.238515003469967,0.246517782671914,0.38920173742429,0.966775341135025,0.662138068919115,0.198868486500309,-0.309687288032234
-1.8,0.192711900257016,0.25151211213793,0.25897093567839,0.391984993689575,0.968331866276277,0.662833745754036,0.210918075904805,-0.303045210574933
-1.7,0.209828303196087,0.26456240471718,0.271468778644088,0.394780427706731,0.969923288410431,0.664051413607451,0.223013413174647,-0.29639106202692
-1.6,0.227111433912397,0.27766655581576,0.284011149391573,0.39758797781679,0.97154976050306,0.665796913076481,0.235154368930257,-0.289723781680196
-1.5,0.244563796996228,0.290825240041711,0.296597885743407,0.400407582360784,0.973211435519732,0.668076084758248,0.247340813792059,-0.283042308826759
-1.4,0.288400684862048,0.321905904347541,0.32895650808091,0.407882492783777,0.980875862274412,0.676843946784437,0.278702326326376,-0.268454908134199
-1.3,0.305423753516872,0.334588719587158,0.341044811601497,0.410515776594268,0.982510141785817,0.680037135324229,0.290420599632143,-0.262008990731787
-1.2,0.322590280468982,0.347309131854478,0.353152996240065,0.413142169958757,0.984172588828302,0.683752689400275,0.302162036655641,-0.255551102782135
-1.1,0.339945527697067,0.360101000723746,0.365308062272523,0.415764921162866,0.985854313898884,0.687988149215353,0.313953371369391,-0.249065537975383
-1,0.276192943157091,0.381871674102468,0.382072752389872,0.416891434371248,1.00736146247207,0.699456916336762,0.329356427644562,-0.335969684695227
-0.9,0.29522818663223,0.394078510931241,0.393649331991967,0.4192745677383,1.00821588585319,0.703917930682083,0.340609781828438,-0.327521647603499
-0.799999999999999,0.314198977822091,0.406232336075058,0.405133094629785,0.42159527967778,1.00903325383291,0.70821354361294,0.351780768309619,-0.319142774334916
-0.699999999999999,0.333076077148466,0.418309363625832,0.416501087325841,0.423848626226853,1.00981166969738,0.712346071211974,0.362846948984145,-0.310839522622489
-0.6,0.351830245033149,0.430285807675477,0.427730357102648,0.426029663422686,1.01054923673274,0.716317829561827,0.373785885748059,-0.302618350199233
-0.5,0.370432241897933,0.442137882315906,0.438797950982723,0.428133447302444,1.01124405822515,0.720131134745143,0.384575140497401,-0.29448571479816
-0.399999999999999,0.388852828164611,0.453841801639033,0.449680915988579,0.430155033903292,1.01189423746075,0.723788302844561,0.395192275128214,-0.286448074152283
-0.299999999999999,0.407062764254976,0.465373779736771,0.460356299142732,0.432089479262397,1.0124978777257,0.727291649942727,0.405614851536538,-0.278511885994616
-0.199999999999999,0.425032810590821,0.476710030701033,0.470801147467696,0.433931839416925,1.01305308230613,0.73064349212228,0.415820431618415,-0.270683608058172
-0.0999999999999996,0.442733727593939,0.487826768623734,0.480992507985985,0.43567717040404,1.0135579544882,0.733846145465864,0.425786577269885,-0.262969698075963
0,0.460136275686122,0.498700207596785,0.490907427720115,0.437320528260909,1.01401059755806,0.736901926056121,0.435490850386992,-0.255376613781003
0.100000000000001,0.477069560362426,0.509241528021419,0.500466799015208,0.438840476370024,1.01441101371629,0.739922687892411,0.444855889795013,-0.247972302940563
0.200000000000001,0.493371848631456,0.519365730072791,0.509597126238973,0.440218270108573,1.01475960142818,0.742986246974296,0.45380966642268,-0.240820838458267
0.300000000000001,0.509027643185336,0.529054757503705,0.518283874447807,0.441453003505766,1.01505505837689,0.746043862384716,0.462337740321207,-0.233922865771658
0.4,0.52402144671619,0.538290554066962,0.526512508698108,0.442543770590812,1.01529608224562,0.749046793206614,0.470425671541812,-0.227279030318278
0.5,0.538337761916141,0.547055063515366,0.534268494046272,0.443489665392921,1.01548137071752,0.75194629852293,0.47805902013571,-0.220889977535669
0.600000000000001,0.551961091477313,0.555330229601718,0.541537295548696,0.444289781941304,1.01560962147579,0.754693637416606,0.485223346154119,-0.214756352861373
0.700000000000001,0.564875938091828,0.563097996078822,0.548304378261777,0.444943214265171,1.01567953220359,0.757240068970583,0.491904209648253,-0.208878801732934
0.800000000000001,0.577066804451811,0.570340306699479,0.554555207241912,0.44544905639373,1.0156898005841,0.759536852267802,0.498087170669331,-0.203257969587893
0.9,0.588518193249384,0.577039105216493,0.560275247545497,0.445806402356193,1.0156391243005,0.761535246391205,0.503757789268567,-0.197894501863793
1,0.599214607176671,0.583176335382665,0.56544996422893,0.446014346181769,1.01552620103596,0.763186510423733,0.508901625497179,-0.192789043998176
1.1,0.608657647400629,0.588350959704888,0.569620002164968,0.445961404632973,1.01512979137895,0.764108753263397,0.513073867192426,-0.188081479983263
1.2,0.616659560949703,0.592429125667967,0.572641614005275,0.44561073103438,1.01437208989708,0.764299654136238,0.516135363813328,-0.183822117022121
1.3,0.623670819308244,0.595793554491581,0.5749736764746,0.445073374258289,1.01346694524223,0.764279827617242,0.518530167843746,-0.179877235368563
1.4,0.630141893960607,0.598826967395405,0.577075066297695,0.444460383177,1.01262820606627,0.764569888281395,0.520702331767535,-0.176113115276406
1.5,0.636023448455446,0.60157426157099,0.579055885863238,0.443755694552248,1.01181835884111,0.764730634963569,0.52276417466415,-0.17258881106869
1.6,0.640909627214804,0.603772261935047,0.580653942674107,0.442846093874609,1.0108069555016,0.763675610552329,0.524468926866066,-0.169495191795022
1.7,0.645216505153258,0.605664213252233,0.582090167233258,0.44182265644686,1.00976692784769,0.76192414657445,0.526025687291443,-0.166701942270309
1.8,0.649341937713685,0.607478207143615,0.583556331584902,0.440767749491658,1.00883739528158,0.760018878592505,0.52761547162139,-0.164065573477793
1.9,0.653551493173578,0.609345529551536,0.585105532550955,0.43972796934757,1.00802186045238,0.758492293562834,0.5292855312232,-0.161428315838266
2,0.658131861676398,0.611416393596987,0.586836741516098,0.438773950612212,1.00738677308148,0.757881762280339,0.531126380334952,-0.158657819472932
2.1,0.663076216253928,0.613688454556114,0.588748115439583,0.437898819266995,1.00689563922996,0.758000739328038,0.533134482615955,-0.155745924087976
2.2,0.668000962596671,0.615928739601755,0.590666487833735,0.437028594313009,1.00646075680632,0.758273110642814,0.535145803913263,-0.152851854865444
2.3,0.672721999549093,0.618020910483405,0.592505674423041,0.436147478938936,1.00610006067848,0.7586851790862,0.537079118476522,-0.150075518708084
2.4,0.677479592995381,0.620157621444356,0.594437229868966,0.435293080154013,1.00585535659346,0.759237582350083,0.539101595657851,-0.147362757941563
2.5,0.682434616879317,0.622413819508897,0.596524542291073,0.434486880932305,1.00568467313237,0.759757902319029,0.541276955426611,-0.14461872317187
2.6,0.687566433183647,0.624782084834814,0.59877676665975,0.433720519397234,1.00565415914347,0.760204587086227,0.543613376963642,-0.141850462395726
2.7,0.692806656073822,0.627226877426609,0.601144938661107,0.432997710185817,1.00574950024907,0.760551370370026,0.546061088043246,-0.139078576117955
2.8,0.698093551637535,0.629714147361557,0.603576007613684,0.432325682115649,1.00593789106855,0.760762788354437,0.54856640127845,-0.136317652611327
2.9,0.703380710320866,0.632213392497944,0.606031757035238,0.431716574896785,1.00619110941851,0.760827545793652,0.551090114606273,-0.133584281543916
3,0.708619205201421,0.634696347647067,0.608477321411507,0.431166093623706,1.00644854310658,0.760793616275959,0.553597889748424,-0.130905242752831
3.1,0.713760094334066,0.63714082229934,0.610883215045834,0.43063793237313,1.00667962850375,0.760668689982648,0.556063786352321,-0.128303279493853
3.2,0.718797545112675,0.639532407457262,0.613261322036284,0.430128645416667,1.00692000795277,0.760462776065349,0.558499758788515,-0.125787924767962
3.3,0.723713915171525,0.641851982082297,0.615572790741331,0.429661665922376,1.00714572746158,0.760178961289901,0.560863797771895,-0.123326381374139
3.4,0.728532255817204,0.64411296683394,0.617819293466357,0.429244030280288,1.00735476696077,0.759815683443734,0.563156791005416,-0.120891886168567
3.5,0.733295177895331,0.646356195687615,0.620033811235953,0.428863826683598,1.00756249736967,0.759389556768571,0.56541382378981,-0.118474680811429
3.6,0.737950791657927,0.648566803131656,0.622175943536037,0.428530087262698,1.00772096938736,0.758911777737863,0.567594686671661,-0.116077084182378
3.7,0.742552542677984,0.65074710737299,0.624317127684263,0.428220672274735,1.00794806373233,0.758435249700944,0.569772336811958,-0.113718349554832
3.8,0.747209139555224,0.652914091802648,0.626517833349133,0.427887352575309,1.00832482143093,0.757947378133435,0.572012477963086,-0.111364486410785
3.9,0.751827889878981,0.655024343144819,0.628709146043587,0.427525282972491,1.0087961835826,0.757458818635901,0.574247525495232,-0.109045034312543
4,0.756336470226594,0.657060743073139,0.630847722553373,0.427185488150948,1.00928937289766,0.756976747184073,0.576427207962618,-0.10678763676599
4.1,0.76070617246405,0.659039777444903,0.632928060303848,0.42693601171252,1.00972819782777,0.756509322382072,0.578535915556912,-0.104605290157713
4.2,0.764919865567868,0.660970052085174,0.634928142068105,0.426790329711052,1.0100643385087,0.75604160995811,0.580549174886764,-0.102482703296918
4.3,0.769004293273186,0.662837272110007,0.636835528593639,0.426678830095927,1.01034791420155,0.755531526555448,0.582465057047644,-0.100390422000876
4.4,0.773042002639622,0.664676058719446,0.638713494330578,0.426579492907525,1.01062761085934,0.754978976472549,0.584351819954532,-0.0983176348865386
4.5,0.777069341402293,0.666492474152726,0.640588239722888,0.426478031293535,1.01094772190663,0.754390738069298,0.586238195554274,-0.0962591593115503
4.6,0.781093827128708,0.668271752921834,0.64246020472034,0.426379651148065,1.01133721720313,0.753764631978327,0.588122531852432,-0.0942078728172978
4.7,0.785099037145683,0.670002024554533,0.644318081299474,0.426293837204916,1.01178519216692,0.753102113565219,0.589992644138146,-0.0921671309488982
4.8,0.789066464412267,0.671690267581076,0.64615999438889,0.426247997130858,1.01226982062957,0.752421017412764,0.591842971004285,-0.0901475667920418
4.9,0.792958405696982,0.67334060790709,0.647976537147018,0.426258062267638,1.01276614354281,0.751747346315058,0.593660700493799,-0.0881709768980353
5,0.796726971231671,0.674946415416436,0.649748200725811,0.426330947740429,1.01325655786812,0.751107656870241,0.595424504589752,-0.0862595460909445
5.1,0.800268819505859,0.676445359770693,0.651400657123358,0.426439474935567,1.01368730868416,0.750500220171825,0.597061820257317,-0.0844413805504549
5.2,0.803611925671628,0.677849885320268,0.652945617457622,0.426529183157154,1.01406525877159,0.749922500666952,0.598589981142086,-0.0827146630434093
5.3,0.80688006333992,0.679228582696241,0.654467113033734,0.426624488727426,1.01445591551411,0.749377731524207,0.600092170813659,-0.081043844886746
5.4,0.81012660104498,0.680602823058676,0.6559922958325,0.426787719001269,1.01486798911198,0.74883946363188,0.601591121253126,-0.079394801515065
5.5,0.813405934213721,0.68199192058465,0.657560097836506,0.42702618180828,1.01532661808723,0.748296685060764,0.603126174326491,-0.0777505328516411
5.6,0.816680635794959,0.683375914907337,0.659150113203115,0.427310966069669,1.01582225726304,0.747758790252206,0.604679547307475,-0.0761292498244263
5.7,0.819902514289057,0.684732234170404,0.660721691629832,0.427601153154363,1.01632911592225,0.747227171380789,0.606214673030422,-0.0745410171535644
5.8,0.823031266601165,0.686043616042325,0.662239148992861,0.427859195927675,1.0168234691069,0.746702385221527,0.607699421867142,-0.0729912153768658
5.9,0.825999415968663,0.687288994246081,0.663652839801156,0.428093303863327,1.01725677840811,0.746187898174942,0.609081106712252,-0.0714900281350848
6,0.828718441217485,0.688437696586642,0.664913326442641,0.428336967992999,1.01757371052106,0.745697012494477,0.610306481958118,-0.0700739046830751
6.1,0.831266471301421,0.689536451175285,0.666098344032723,0.42858103675594,1.01783302659661,0.745238254463657,0.611455131824851,-0.0687562334616538
6.2,0.833747091692599,0.690637206407137,0.667304570743828,0.428838185638295,1.01812608635022,0.744826525623531,0.612622463759382,-0.067528918835979
6.3,0.836202131729392,0.691745438799162,0.668541772130063,0.429083058177222,1.0184848569908,0.744442792614124,0.613820796746335,-0.0663557322029612
6.4,0.838667322787011,0.692865934571161,0.669813883381295,0.429292164182351,1.01892853990391,0.744068245298607,0.615057663741058,-0.0651984186840212
6.5,0.841141378289428,0.693989758402901,0.67110288382959,0.429470494653652,1.01943640710893,0.743685285151002,0.616315904949747,-0.0640394385076058
6.6,0.843545665745273,0.695073771273938,0.67236404116364,0.429657688081238,1.01996037029919,0.743302894670032,0.617547074137166,-0.0629234151906476
6.7,0.845861133600671,0.696107344440342,0.673591128917717,0.429836554086781,1.02048028055236,0.742927860974945,0.618745670095216,-0.0618748804697348
6.8,0.848140498552151,0.697125209244947,0.674829258742835,0.430032579732792,1.02102607903533,0.74257985619547,0.619954667369348,-0.0608767608159865
6.9,0.850332213684047,0.698090977261853,0.676044536947665,0.430219062006099,1.02161817482156,0.742267743884378,0.621142123581744,-0.0599456659785596
7,0.852366272495474,0.698973452709817,0.677168879545364,0.4303750671278,1.02217466371021,0.741972118063363,0.622243544647625,-0.059081589740206
7.1,0.854174470187505,0.699770520490766,0.67814705612079,0.430559162209297,1.0225867815535,0.741672891596267,0.623196765598298,-0.0582844520184494
7.2,0.855796182504177,0.700507920943778,0.679031543217709,0.430783741656665,1.02290031942581,0.741393354107041,0.62405356175318,-0.0575713779350862
7.3,0.857330912121045,0.701195179075034,0.67988962899893,0.430955121519642,1.02323406751748,0.741144380494921,0.624892166371395,-0.0569271334553338
7.4,0.858836550726559,0.701834835508387,0.680727040044466,0.430999046330513,1.02361563008085,0.740901365691807,0.625725944500762,-0.0563048282890119
7.5,0.860332998892739,0.702445647568776,0.681555144838702,0.430935015832985,1.02403889476207,0.740663962941893,0.626565346431272,-0.055693626019157
7.6,0.861821644647804,0.703052039854241,0.682391682179149,0.430828332512108,1.0244829195861,0.740444845508455,0.627420201034916,-0.0551042786261511
7.7,0.863286094006108,0.70365364276119,0.683222883819008,0.430690943755826,1.02490957898947,0.740246587863335,0.628278604065837,-0.0545429017800296
7.8,0.864689916655674,0.70421688339035,0.684014206862399,0.430477672639185,1.02533012509396,0.740055677904111,0.629110671351922,-0.0540172353218713
7.9,0.865991164887481,0.70473082966715,0.684748528232478,0.430220889598452,1.02573783909997,0.739873375575383,0.62989131275113,-0.0535418074611178
8,0.867166559406647,0.70519614762899,0.685425343211668,0.429961991227569,1.0261303286897,0.739718753121371,0.630612286302368,-0.053127679131375
8.1,0.868205650014591,0.705608968521627,0.68606101128924,0.429751342973177,1.02653863886868,0.739605508701093,0.631280669783646,-0.0527944033487799
8.2,0.869141037894113,0.705991803162468,0.68667425390703,0.429592520403594,1.02695980109044,0.739525595187728,0.631915720245883,-0.0525320384637939
8.3,0.870034607758844,0.70636818957379,0.687272160460113,0.429480821809715,1.02736250936404,0.739434907501249,0.632526485208514,-0.0522912005577421
8.4,0.870913273771003,0.70674630362649,0.687832857727463,0.429366805818839,1.02770179052776,0.739293109007804,0.633098079658888,-0.0520301433213281
8.5,0.871752943293459,0.707091413792628,0.688337234300075,0.429219703252919,1.0279983597873,0.739113676144523,0.633617747151951,-0.0517557085078021
8.6,0.872539968581931,0.707388535741726,0.688795506504735,0.429061068912815,1.02829143626077,0.738924620511556,0.634093516419444,-0.0514877733537866
8.7,0.873279728992789,0.707636705533566,0.689228871086292,0.428930633419368,1.02860399293632,0.738740114816921,0.634540354520864,-0.0512353745743139
8.8,0.873994793791391,0.707852937120966,0.689639228962528,0.428854344002784,1.02891649298173,0.738533420046031,0.634957969764737,-0.0509768840487941
8.9,0.874716942696498,0.708060234881836,0.69003637608288,0.42881504319569,1.02921482243672,0.73828337375845,0.63535647544317,-0.0506931939487064
9,0.875457990332747,0.708282504145567,0.690435765238428,0.428812031042109,1.02949363309597,0.737999529426534,0.635750362893275,-0.0503898993366017
9.1,0.876199339540829,0.708512596974543,0.690833256871277,0.428846592737736,1.0297697514343,0.737700692310666,0.636136064328623,-0.0500817337045073
9.2,0.876905885822933,0.708740262468064,0.691204298539428,0.428946496428686,1.03000834053268,0.737395768801173,0.636486911994878,-0.049775102090967
9.3,0.877548563994338,0.708959497262685,0.691525064710644,0.429121008967759,1.03017491832877,0.737092238733639,0.636780436293727,-0.0494784410788961
9.4,0.87811404819578,0.709148975210564,0.691779977167532,0.429344919918835,1.03027721726789,0.736792111571763,0.63700515752934,-0.049189729645623
9.5,0.878611901059377,0.709311438423393,0.69197133316347,0.429641979990755,1.03030505708632,0.736484965180541,0.637158668973387,-0.0488937364500112
9.6,0.879064720145017,0.709453565698965,0.692128149948786,0.430027875403205,1.03029221020853,0.736179638771969,0.637266571170864,-0.0485922632878848
9.7,0.879506271130133,0.709579863425397,0.692271714244069,0.430488495254819,1.03026875736939,0.735868116309022,0.637352263221068,-0.048272166958515
9.8,0.87995313156517,0.709691653503029,0.692403480325809,0.430993751112298,1.03024002178918,0.735540331452864,0.637420761503425,-0.0479224466604413
9.9,0.880409611088134,0.709792934987371,0.692530020843364,0.431492930473456,1.03022122263296,0.735202043017159,0.637485860550312,-0.0475558157117996
10,0.880863575733189,0.709890327965168,0.692642869804626,0.431957423669199,1.03020038389761,0.73485629860878,0.637544078452053,-0.0471832737158759
10.1,0.881280221318721,0.709972327607517,0.692706742283339,0.432389180923773,1.03012633578098,0.734492825408181,0.637559480474298,-0.0468060326492543
10.2,0.881651798457937,0.710041734431208,0.692732345142142,0.432825211989269,1.03000778345771,0.73412642520947,0.637537846909336,-0.0464381372447692
10.3,0.881975966263388,0.71009929179587,0.692739439724355,0.433325139252341,1.02987143980718,0.733773156285575,0.637491075049355,-0.0460917746893584
10.4,0.882229300109192,0.710129992789802,0.692720973392411,0.433880391441166,1.02973397641828,0.733440091030449,0.637412224988099,-0.045781209664276
10.5,0.88241287521627,0.710137025176574,0.692687325848838,0.434476889657862,1.0296218803488,0.733138894713458,0.637313782450613,-0.0455170228512003
10.6,0.882557739769652,0.710147478498581,0.692661366467938,0.435077829408378,1.02954262336434,0.732878233101702,0.637223059413216,-0.0452967736460267
10.7,0.882672703491466,0.710156808750112,0.692644210637647,0.435655983615443,1.02950108564922,0.732656248430316,0.637143881631036,-0.0451159063030253
10.8,0.882762266000359,0.710148039668048,0.692616155833786,0.43618336937679,1.02948813684637,0.732450225584522,0.637059404770813,-0.0449554071373551
10.9,0.882841462329706,0.710120891690782,0.692583297141921,0.43667314612137,1.02950852474836,0.732255913367482,0.636973748868266,-0.0448057385356826
11,0.88290997136753,0.71007105426878,0.692550645901514,0.437149961111386,1.02957207710798,0.732075040780278,0.636889227797163,-0.0446681430931021
11.1,0.88296135675548,0.709998584215785,0.692516012051868,0.43764492830087,1.02966501620585,0.731902317670456,0.636800062950175,-0.0445411325656736
11.2,0.882977704168572,0.709886228685907,0.692465382725373,0.438167379351392,1.0297866384667,0.731732809918301,0.636691597030774,-0.0444252951592355
11.3,0.882948504699576,0.709731417812443,0.692400584608057,0.438697028544927,1.02996213583323,0.731582508766166,0.636568272785143,-0.044335032544478
11.4,0.882863863647849,0.709539415036191,0.692325697308804,0.439216245360528,1.03019301452309,0.731469302792737,0.636436315450566,-0.0442889474204711
11.5,0.882735788281337,0.709324083452933,0.692257778356343,0.439745755767254,1.03046555838314,0.731397020996865,0.636309296463659,-0.0442907066457428
11.6,0.882565740210749,0.709091015429777,0.692193818465101,0.440260654559711,1.03076590622137,0.73136196226236,0.636186866637062,-0.0443392775770778
11.7,0.882368269340657,0.708858356347791,0.692128166949464,0.440746250859376,1.03105806744233,0.731347679347458,0.636065487954216,-0.0444163219516799
11.8,0.882147602108108,0.708635841037531,0.692054946261838,0.441201252303908,1.03131483908849,0.731346682917031,0.635940241631104,-0.0445126626072431
11.9,0.881901965700713,0.708424377527562,0.691966151366262,0.441637759421425,1.03151323023993,0.731351468245521,0.635802081288827,-0.0446206695584186
12,0.881626815041235,0.708209278483187,0.691861510605807,0.442082218431446,1.03165339063222,0.731358478808806,0.635646362025545,-0.0447402572030892
12.1,0.881338007893556,0.70799414367717,0.691743581951517,0.44252081553233,1.031741613617,0.731359780071767,0.635478076323161,-0.0448627216776471
12.2,0.881053699491582,0.7077876951245,0.691633912913945,0.44294811728473,1.03181384937632,0.73136564344489,0.635320723742186,-0.044995293979588
12.3,0.880765123174747,0.707582639976078,0.691539119342821,0.443381339808768,1.0318998476332,0.731391124835314,0.635178176066636,-0.0451496950522565
12.4,0.880457639930285,0.707364090583372,0.691451591365427,0.443822253234655,1.03202145544442,0.731438875057017,0.635042351604642,-0.0453302793979788
12.5,0.880114130964161,0.707125428513766,0.691356529158058,0.444243046302443,1.03216879741239,0.731506953570128,0.634901398253163,-0.0455404333448677
12.6,0.879733226780898,0.706879385952282,0.691255301613022,0.444657435965277,1.03232770515972,0.731597831056383,0.634754694920187,-0.0457793887204592
12.7,0.879325869712435,0.70664240966168,0.69115183205212,0.445067707365682,1.03248387415281,0.731708036097422,0.634606241333093,-0.0460390911786415
12.8,0.878898190118802,0.706414482757162,0.691039381288816,0.445463747664711,1.03262688565232,0.731825157856346,0.634450063393249,-0.0463109478100561
12.9,0.878470513401002,0.706201849998313,0.690924613847013,0.445858162619565,1.03275063196585,0.731940519726328,0.634290828921003,-0.0465816337633675
13,0.878058269690812,0.706014001491453,0.690815304352567,0.446256665452963,1.03284372259515,0.732051356471503,0.634136528911365,-0.0468423135022093
13.1,0.877666979637838,0.705855667575334,0.690723073113524,0.44666942205802,1.03291608272844,0.732166988350505,0.633997952816441,-0.0470971213917892
13.2,0.877281887732421,0.705716404849853,0.69065702919781,0.447139858364594,1.03299067613494,0.73231304871076,0.633878749709764,-0.0473634608238927
13.3,0.876896473649674,0.70559540749186,0.690623506490452,0.447673858299103,1.0330829316167,0.732500629877019,0.633784958637345,-0.0476537761914842
13.4,0.876509785290151,0.705494851798754,0.690624431038479,0.448278334150221,1.03318943597224,0.732726484177305,0.633716921957391,-0.0479683740867433
13.5,0.876124586912367,0.705421739309857,0.690660392370624,0.44894144672768,1.03330220128324,0.732986276853266,0.633675647896039,-0.0483052953212771
13.6,0.875741340951636,0.705368192202601,0.690722583780189,0.44964700992181,1.03342396324526,0.733267390099871,0.633653800710795,-0.0486547246775449
13.7,0.875358326149821,0.70532047167555,0.690796837870779,0.450371829080806,1.03355735893296,0.733555071101377,0.633640179548972,-0.0490059608273903
13.8,0.874981653193087,0.705272850384923,0.690879280890116,0.451100046542313,1.0337050389279,0.733837622483376,0.633633028062592,-0.0493511510341423
13.9,0.874601968233428,0.705213063834281,0.690958888981692,0.451821514951419,1.03386544061366,0.73410974465819,0.63362274095838,-0.049690084197766
14,0.874208779138439,0.705126629275028,0.691025174061938,0.452520489201832,1.03404471386594,0.734369163539945,0.633601147646584,-0.0500257659315256
14.1,0.873797834351902,0.705010803360329,0.691075726791668,0.453189366055788,1.0342470632794,0.734618292348546,0.633567336846135,-0.0503632993419338
14.2,0.873382488217475,0.704883829319055,0.691114821655978,0.453850265085199,1.03444389119749,0.734857260264836,0.633522853733542,-0.0506918323273779
14.3,0.872954201909745,0.704733274112304,0.691135175575239,0.454495405616668,1.0346423697601,0.735091283759938,0.633461611915761,-0.051015152922974
14.4,0.87250716685962,0.704555952372647,0.691134365754865,0.455128089790328,1.03484420384709,0.735322834389131,0.633380572373445,-0.0513376855848667
14.5,0.872024513659209,0.70434839417387,0.691107544373405,0.455759991079104,1.03504985436413,0.735559734288758,0.633273449179649,-0.0516705219158457
14.6,0.871496187691153,0.704105060155,0.691044908574281,0.456383254941457,1.03525093675056,0.735796298560489,0.633131439407259,-0.0520148299146398
14.7,0.870909685527255,0.703823011630256,0.690932222565148,0.456988555287813,1.03542131857185,0.736024945542028,0.632941149441888,-0.0523707676888229
14.8,0.870262748861955,0.703500688639041,0.690772320615213,0.45756367283459,1.03556952577831,0.736253054546423,0.63270721207441,-0.0527422382625465
14.9,0.869554774980092,0.703140725247036,0.690569614476201,0.458116402796121,1.03569890412823,0.736485889357103,0.632433959807964,-0.0531305737330281
15,0.868782762245274,0.702745891016511,0.690315049388493,0.45866027871782,1.03578669233136,0.736715389630989,0.632110319049038,-0.0535269577347311
15.1,0.867946847838665,0.702318099254347,0.690008978407817,0.459201566895936,1.03582946412828,0.736939910325262,0.631735628806958,-0.0539308575453071
15.2,0.867046288707095,0.701845876143392,0.689650650452844,0.459736589790145,1.03584455681537,0.737160055922146,0.63130939116254,-0.0543425725790314
15.3,0.866083795158823,0.701327857018984,0.689243878477231,0.460254870539588,1.03584309158113,0.737381876540063,0.630835864632757,-0.0547650808670663
15.4,0.865070760373398,0.700778427684185,0.688796110569797,0.460761501979843,1.03581785162998,0.737598681204408,0.630321390379901,-0.0551950333323116
15.5,0.864016334340538,0.700204092492141,0.688303464521777,0.461238498917755,1.03576091832015,0.737798617676605,0.629764784820108,-0.0556234554063166
15.6,0.862919507194355,0.699601245243642,0.687770041725046,0.461675719768054,1.03568855246412,0.737988431125901,0.629171227785462,-0.0560582913198764
15.7,0.861783571328485,0.698972218944661,0.687213432979641,0.46209278325936,1.03562301950961,0.738182207558419,0.628556139357488,-0.0565137985003587
15.8,0.860623939395209,0.698324130128913,0.686637361929318,0.462483830304862,1.03556009102278,0.73837258802849,0.627924317090942,-0.0569800386157421
15.9,0.859445542332226,0.697676507210105,0.686053359665195,0.462861173331141,1.03548274198765,0.738567323107127,0.627285534647024,-0.0574626025449065
16,0.858250072463977,0.697032444016398,0.685462866945938,0.463222001217887,1.03538339424122,0.738768817852406,0.62664152452014,-0.057961161671529
16.1,0.857041404298317,0.696384867200902,0.684857877879334,0.463565248968876,1.0352603030954,0.738966507868298,0.62598488690549,-0.058462537338916
16.2,0.855828904475886,0.695736237657938,0.684242933569943,0.463896502256165,1.03511773689081,0.739159202201293,0.625319696862633,-0.0589623428921728
16.3,0.854607564146163,0.695084506548637,0.683612273603309,0.464233574088154,1.03494569425886,0.739341276308134,0.624637537164872,-0.0594564421815393
16.4,0.853388314571876,0.694434663273695,0.682970738537379,0.464578652256814,1.03474635172307,0.739510348638604,0.623943091409126,-0.0599382573087556
16.5,0.85216569915232,0.693774740844352,0.682313349744328,0.464919739800734,1.03453264169892,0.739671339304882,0.623232814846712,-0.0604098402850169
16.6,0.850931588781997,0.693092482161813,0.68163967537747,0.465248455925595,1.03432153376619,0.739832051331785,0.622507246408788,-0.0608808188477017
16.7,0.849692790024378,0.692389310407618,0.680954246296123,0.465562892296658,1.03412017215394,0.739986916764214,0.621771619898267,-0.0613497043641543
16.8,0.84845923898601,0.691668414003565,0.680260199947276,0.465852495530991,1.03393438885567,0.740131399913184,0.621030726185261,-0.061811503210639
16.9,0.847233992237004,0.690935907568754,0.679566206185622,0.46612396865335,1.03377037510905,0.740272919328943,0.620292476501694,-0.0622715553305124
17,0.846025553689268,0.690196783091472,0.678879518588145,0.466377507246052,1.03363425112609,0.740413457960815,0.61956414350467,-0.062729042868473
17.1,0.844838633779042,0.689460534224713,0.67820215704208,0.466618399385417,1.03351462593095,0.740549826745131,0.618846715447121,-0.0631796501121427
17.2,0.843667095453102,0.688731540901402,0.677534695484882,0.466866720541079,1.03339815344266,0.740682390527839,0.618136877282172,-0.0636250287390987
17.3,0.842517387357321,0.688015696511858,0.676879307691559,0.467116664132546,1.03327817716511,0.740808625963158,0.617437541201893,-0.0640610603205772
17.4,0.841395438085363,0.687313448236255,0.676235258707242,0.467357320816005,1.03315474172216,0.740923760126111,0.616749620693603,-0.0644820190038303
17.5,0.840307926813056,0.686626511638782,0.675602504840111,0.46757959717793,1.03302847424419,0.741022682174222,0.616074613429054,-0.0648820001047308
17.6,0.839250321124224,0.685954499429987,0.674981172928457,0.46777387722231,1.03290409946835,0.74111196662821,0.615414444301224,-0.0652669327703071
17.7,0.838210188679637,0.685291657497055,0.674368260453377,0.467939284964323,1.03278938601446,0.741201676854772,0.614766894360643,-0.0656463636637471
17.8,0.83718988280404,0.684634508749399,0.673760076679168,0.46806072442983,1.03268488467576,0.741288253397218,0.614130269746186,-0.06601541128528
17.9,0.836191766713169,0.683980938201828,0.67315267412032,0.468120967848611,1.03258823590075,0.741368501291453,0.61350285961341,-0.066369160359692
18,0.835216792904072,0.683325115367343,0.672542835375442,0.468111155031349,1.03250245298248,0.741439469648573,0.612882832334912,-0.0667039365921221
18.1,0.834252814738833,0.682663265433133,0.671930647703048,0.46804255437992,1.03242848902379,0.741511664283744,0.612268758988501,-0.0670303704553227
18.2,0.833313440353698,0.682007815292352,0.671331653048654,0.467937692580866,1.03236780361183,0.741584510215641,0.611672466674319,-0.0673484463326252
18.3,0.832414867449582,0.681359935268012,0.670753794768946,0.467794917652532,1.03233334301734,0.741650400462259,0.611102281064634,-0.067653061339332
18.4,0.831563117338713,0.680718897838822,0.670196856454651,0.467613622147112,1.03232471612692,0.741702663414754,0.610558018277282,-0.0679385801632251
18.5,0.830758694115781,0.680086909251806,0.669659480995288,0.467399383444276,1.03233530001769,0.741737594490749,0.610037803276485,-0.0682021426720245
18.6,0.829998898153842,0.679463368209094,0.669132006095982,0.467150025365514,1.03235195620825,0.74174613010914,0.609532298081876,-0.0684360385786219
18.7,0.829274959925919,0.678844180088551,0.668609104925181,0.466855362133053,1.03237490077888,0.741732447696549,0.609037322540781,-0.0686441286881581
18.8,0.828582037565022,0.678228326799017,0.668089028144363,0.466510734749682,1.03240421720134,0.741699855122649,0.608551881356856,-0.0688296000134096
18.9,0.827915339753134,0.677609748844882,0.667564318972273,0.46610492284776,1.03243929100877,0.741646638659283,0.608069886609356,-0.0689903707484592
19,0.82727017705713,0.676981191869125,0.667026644029973,0.465628155226257,1.03248008302113,0.741569690334212,0.607584222028134,-0.0691234313675908
19.1,0.826647311014101,0.676345010141292,0.666476638349239,0.465098107312048,1.03252251951823,0.741464829167798,0.60709368691865,-0.0692264635239565
19.2,0.826039300274447,0.675705415227718,0.665920400584956,0.464527240748428,1.03256803960694,0.741344250103872,0.606602390537149,-0.0693118688840392
19.3,0.825448436749555,0.675066961599449,0.665363022415559,0.463913963508785,1.03261983661651,0.741213293588454,0.606115457096702,-0.0693837422694841
19.4,0.824877969517318,0.674431307104649,0.664806918603459,0.463250677695403,1.03268077874596,0.741073671304678,0.605636200809296,-0.0694434830876341
19.5,0.82432262932595,0.673791445667943,0.664249519322016,0.462530636588678,1.03275631729644,0.740929787553834,0.605162729241699,-0.0694947624417073
19.6,0.823788679380489,0.673148266346349,0.663685103315381,0.461753129797756,1.03283660717112,0.740769732276684,0.604689392025896,-0.0695251933426129
19.7,0.823279150125206,0.672500662942477,0.663109837603724,0.460924903696042,1.03291667625036,0.740585011704532,0.604211658603694,-0.0695269315386087
19.8,0.822796805062266,0.671854110330614,0.662531567769878,0.460045573436669,1.03299765360721,0.74038205494716,0.60373731655908,-0.0695040665449895
19.9,0.822347402847269,0.671214046043992,0.661961093108976,0.459111625791364,1.03308561714657,0.740166319317031,0.603277198929853,-0.06946117175973
20,0.82192893813358,0.670582187002807,0.661401641922598,0.458135013823504,1.03318264180333,0.739941630400543,0.602833303431647,-0.069402594915433
